"source_file","sample_id","fo","k","j","i","fm","fluorojip_FvFm","vendor_FvFm","fluorojip_Mo","vendor_Mo","fluorojip_ABS_RC","vendor_ABS_RC","fluorojip_TRo_RC","vendor_TRo_RC","fluorojip_ETo_RC","vendor_ETo_RC","fluorojip_DIo_RC","vendor_DIo_RC","fluorojip_psi_Eo","vendor_Psi_o","fluorojip_phi_Eo","vendor_Phi_Eo","fluorojip_PI_abs","vendor_PI_abs","diff_FvFm","diff_Mo","diff_ABS_RC","diff_TRo_RC","diff_ETo_RC","diff_DIo_RC","diff_Psi_o","diff_Phi_Eo","diff_PI_abs"
"FluorPen - test 1.xlsx","1",4317,5952,8883,11026,19142,0.774475,0.775,0.441147,0.451,1.849415,1.929,1.432326,1.495,0.991179,1.045,0.417089,0.433,0.692007,0.699,0.535942,0.542,4.172029,4.145,-0.000524999999999998,-0.009853,-0.0795849999999998,-0.0626739999999999,-0.0538209999999999,-0.015911,-0.00699299999999992,-0.00605800000000001,0.0270289999999997
"FluorPen - test 1.xlsx","2",3778,4616,7138,8803,16380,0.769353,0.791,0.26599,0.277,1.296699,1.333,0.997619,1.054,0.73163,0.777,0.29908,0.278,0.733376,0.737,0.564225,0.583,7.075629,7.982,-0.0216470000000001,-0.01101,-0.0363010000000001,-0.056381,-0.04537,0.02108,-0.00362399999999996,-0.018775,-0.906371000000001
"FluorPen - test 1.xlsx","3",4336,6171,11126,9890,12043,0.639957,0.641,0.952381,1.017,1.689179,1.805,1.081001,1.157,0.128621,0.14,0.608177,0.648,0.118983,0.121,0.076144,0.078,0.142108,0.136,-0.00104300000000002,-0.0646189999999999,-0.115821,-0.0759989999999999,-0.011379,-0.0398230000000001,-0.00201699999999999,-0.001856,0.006108
"FluorPen - test 1.xlsx","4",5692,7926,11714,10667,15772,0.639107,0.638,0.886508,0.911,2.321821,2.421,1.483892,1.545,0.597384,0.634,0.837928,0.875,0.402579,0.41,0.257291,0.262,0.513971,0.507,0.00110699999999997,-0.0244920000000001,-0.0991790000000004,-0.0611079999999999,-0.036616,-0.037072,-0.00742099999999996,-0.00470900000000002,0.00697099999999995
"FluorPen - test 1.xlsx","5",3419,4097,5842,7028,13878,0.753639,0.765,0.259298,0.261,1.485159,1.5,1.119274,1.148,0.859975,0.887,0.365886,0.352,0.768333,0.773,0.579046,0.591,6.831319,7.392,-0.0113610000000001,-0.00170200000000004,-0.0148410000000001,-0.028726,-0.027025,0.013886,-0.00466699999999998,-0.011954,-0.560681000000001
"FluorPen - test 1.xlsx","6",4845,6600,9890,12243,22721,0.786761,0.787,0.392705,0.405,1.768614,1.859,1.391477,1.463,0.998771,1.058,0.377137,0.396,0.717778,0.723,0.56472,0.569,5.305702,5.205,-0.000238999999999989,-0.012295,-0.0903860000000001,-0.071523,-0.0592290000000001,-0.018863,-0.00522199999999995,-0.00427999999999995,0.100702
"FluorPen - test 1.xlsx","7",5483,6031,6939,7666,11056,0.50407,0.51,0.393325,0.383,2.986676,2.968,1.505495,1.513,1.11217,1.13,1.481182,1.456,0.73874,0.747,0.372377,0.381,0.962281,1.033,-0.00592999999999999,0.010325,0.0186760000000001,-0.00750500000000009,-0.01783,0.025182,-0.00826000000000005,-0.00862299999999999,-0.0707189999999999
"FluorPen - test 1.xlsx","8",3818,4715,6969,7856,16221,0.764626,0.771,0.289285,0.294,1.489206,1.532,1.138686,1.181,0.849401,0.887,0.35052,0.351,0.745949,0.751,0.570372,0.579,6.405059,6.622,-0.00637399999999999,-0.00471499999999997,-0.0427939999999998,-0.0423139999999997,-0.037599,-0.00047999999999998,-0.00505100000000003,-0.00862799999999997,-0.216941
"FluorPen - test 1.xlsx","9",4336,5882,9920,11096,20438,0.787846,0.79,0.384052,0.404,1.405668,1.494,1.10745,1.18,0.723398,0.776,0.298218,0.314,0.653211,0.658,0.51463,0.519,4.976175,4.831,-0.00215399999999999,-0.019948,-0.0883320000000003,-0.0725500000000001,-0.052602,-0.015782,-0.00478900000000004,-0.00436999999999999,0.145174999999999
"FluorPen - test 1.xlsx","10",6502,10078,15312,17523,22432,0.710146,0.708,0.897928,0.929,2.286303,2.407,1.62361,1.703,0.725681,0.774,0.662694,0.703,0.446955,0.454,0.317404,0.322,0.866042,0.838,0.00214600000000009,-0.0310720000000001,-0.120697,-0.0793900000000001,-0.048319,-0.040306,-0.00704500000000002,-0.00459599999999999,0.028042
"FluorPen - test 1.xlsx","11",4835,6550,10159,12013,20209,0.76075,0.772,0.446208,0.465,1.693729,1.77,1.288505,1.366,0.842297,0.901,0.405224,0.404,0.653701,0.659,0.497303,0.509,3.543842,3.697,-0.01125,-0.018792,-0.076271,-0.0774950000000001,-0.0587030000000001,0.00122399999999995,-0.00529900000000005,-0.011697,-0.153158
"FluorPen - test 1.xlsx","12",5902,8195,12173,15932,26041,0.773357,0.784,0.455435,0.464,1.891242,1.944,1.462606,1.524,1.007171,1.06,0.428636,0.421,0.688614,0.695,0.532545,0.545,3.989962,4.257,-0.0106430000000001,-0.00856500000000004,-0.0527580000000001,-0.0613939999999999,-0.052829,0.00763600000000003,-0.006386,-0.012455,-0.267038
"FluorPen - test 1.xlsx","13",3918,5892,9272,12322,15473,0.746785,0.749,0.683341,0.713,1.974847,2.086,1.474785,1.563,0.791445,0.85,0.500061,0.523,0.536651,0.544,0.400763,0.407,1.729639,1.706,-0.00221499999999997,-0.029659,-0.111153,-0.0882150000000002,-0.058555,-0.022939,-0.00734900000000005,-0.00623699999999999,0.023639
"FluorPen - test 1.xlsx","14",3429,4257,6590,7357,14586,0.764912,0.771,0.296854,0.302,1.369792,1.406,1.04777,1.083,0.750916,0.781,0.322022,0.322,0.71668,0.721,0.548197,0.556,6.008605,6.183,-0.00608799999999998,-0.00514599999999998,-0.036208,-0.0352299999999999,-0.030084,2.19999999999665e-05,-0.00431999999999999,-0.007803,-0.174395
"FluorPen - test 1.xlsx","15",4426,5692,8793,13688,23040,0.807899,0.811,0.272053,0.278,1.435335,1.49,1.159606,1.208,0.887553,0.93,0.275729,0.281,0.765392,0.77,0.618359,0.625,9.559062,9.652,-0.00310100000000002,-0.00594700000000004,-0.054665,-0.048394,-0.042447,-0.00527100000000003,-0.00460800000000006,-0.00664100000000001,-0.0929380000000002
"FluorPen - test 1.xlsx","16",4436,6141,9780,13080,23838,0.813911,0.815,0.35151,0.362,1.567983,1.645,1.276198,1.341,0.924687,0.978,0.291785,0.305,0.724564,0.73,0.589731,0.595,7.337883,7.226,-0.0010889999999999,-0.01049,-0.0770170000000001,-0.064802,-0.0533129999999999,-0.013215,-0.005436,-0.00526899999999997,0.111882999999999
"FluorPen - test 1.xlsx","17",4735,6460,10249,8853,14705,0.678001,0.682,0.692076,0.725,1.845662,1.944,1.25136,1.325,0.559284,0.6,0.594302,0.619,0.446941,0.453,0.303026,0.309,0.921937,0.911,-0.00399900000000009,-0.032924,-0.0983380000000003,-0.0736399999999999,-0.040716,-0.024698,-0.00605900000000004,-0.00597399999999998,0.010937
"FluorPen - test 1.xlsx","18",4466,6041,9521,13170,22043,0.797396,0.799,0.358423,0.368,1.562951,1.631,1.246291,1.304,0.887868,0.936,0.31666,0.327,0.712408,0.718,0.568071,0.574,6.237826,6.215,-0.00160400000000005,-0.009577,-0.0680489999999998,-0.057709,-0.0481320000000001,-0.01034,-0.00559199999999993,-0.00592899999999996,0.0228260000000002
"FluorPen - test 1.xlsx","19",5483,7826,12103,15303,26779,0.79525,0.795,0.440083,0.452,1.780207,1.865,1.41571,1.482,0.975627,1.031,0.364497,0.383,0.689144,0.695,0.548041,0.553,4.836809,4.736,0.000249999999999972,-0.011917,-0.0847929999999997,-0.0662899999999997,-0.0553729999999999,-0.018503,-0.00585599999999997,-0.00495900000000005,0.100809
"FluorPen - test 1.xlsx","20",5819,8192,11541,14402,25228,0.769344,0.769,0.489051,0.488,2.156202,2.215,1.658861,1.704,1.169809,1.216,0.497342,0.511,0.705188,0.714,0.542532,0.549,3.700204,3.749,0.000344000000000011,0.00105100000000002,-0.0587979999999999,-0.045139,-0.0461909999999999,-0.013658,-0.00881199999999993,-0.00646800000000003,-0.0487959999999998
"FluorPen - test 1.xlsx","21",3968,5264,8095,8813,14835,0.732524,0.741,0.477041,0.496,1.71478,1.786,1.256118,1.323,0.779078,0.828,0.458662,0.463,0.620226,0.625,0.454331,0.463,2.608285,2.673,-0.00847600000000004,-0.018959,-0.0712200000000001,-0.0668819999999999,-0.0489219999999999,-0.00433800000000001,-0.00477399999999994,-0.00866900000000004,-0.0647150000000001
"FluorPen - test 1.xlsx","22",5613,7417,9940,11196,14984,0.6254,0.648,0.770035,0.788,2.666561,2.688,1.667668,1.742,0.897633,0.954,0.998892,0.946,0.538256,0.548,0.336626,0.355,0.72984,0.829,-0.0226000000000001,-0.017965,-0.021439,-0.0743319999999998,-0.0563669999999999,0.0528920000000001,-0.00974400000000009,-0.018374,-0.0991599999999999
"FluorPen - test 1.xlsx","23",6827,10045,14922,19961,28187,0.757796,0.764,0.602622,0.616,2.098344,2.174,1.590117,1.66,0.987496,1.043,0.508227,0.514,0.621021,0.629,0.470607,0.48,2.443346,2.515,-0.00620399999999999,-0.013378,-0.0756560000000004,-0.0698830000000001,-0.0555039999999999,-0.00577300000000003,-0.00797899999999996,-0.00939299999999998,-0.0716539999999997
"FluorPen - test 1.xlsx","24",4317,5692,8833,10109,17208,0.749128,0.758,0.426654,0.443,1.625745,1.696,1.217892,1.285,0.791238,0.842,0.407854,0.411,0.649678,0.655,0.486692,0.496,3.4063,3.503,-0.00887199999999999,-0.016346,-0.0702550000000002,-0.0671079999999999,-0.050762,-0.00314599999999998,-0.00532200000000005,-0.00930799999999998,-0.0967000000000002
"FluorPen - test 1.xlsx","25",6242,8550,12224,10728,17783,0.648991,0.648,0.799931,0.805,2.377995,2.441,1.543297,1.582,0.743366,0.777,0.834699,0.859,0.481674,0.491,0.312602,0.318,0.722535,0.729,0.000990999999999964,-0.0050690000000001,-0.063005,-0.0387029999999999,-0.0336340000000001,-0.024301,-0.009326,-0.00539800000000001,-0.00646499999999994
"FluorPen - test 1.xlsx","26",4137,5333,8683,8245,16330,0.746663,0.752,0.392356,0.412,1.40941,1.488,1.052354,1.118,0.659997,0.707,0.357056,0.369,0.627163,0.632,0.468279,0.475,3.517624,3.491,-0.00533700000000004,-0.019644,-0.0785899999999999,-0.0656459999999999,-0.047003,-0.011944,-0.00483699999999998,-0.00672099999999998,0.0266239999999995
"FluorPen - test 1.xlsx","27",4287,5662,8454,10927,16011,0.732247,0.74,0.469123,0.488,1.802527,1.887,1.319894,1.396,0.850771,0.908,0.482633,0.491,0.644575,0.651,0.471988,0.481,2.75148,2.805,-0.00775300000000001,-0.018877,-0.0844729999999998,-0.076106,-0.057229,-0.00836700000000001,-0.00642500000000001,-0.00901199999999996,-0.0535200000000002
"FluorPen - test 1.xlsx","28",6209,8550,12029,17100,26073,0.761861,0.761,0.471406,0.476,2.111848,2.188,1.608935,1.665,1.137529,1.189,0.502914,0.523,0.707008,0.714,0.538642,0.543,3.655528,3.634,0.000861000000000001,-0.00459399999999999,-0.076152,-0.0560649999999998,-0.051471,-0.020086,-0.006992,-0.00435800000000008,0.0215280000000004
"FluorPen - test 1.xlsx","29",3938,5294,8135,9461,17278,0.77208,0.774,0.406597,0.422,1.673857,1.761,1.292352,1.363,0.885755,0.941,0.381505,0.398,0.685382,0.691,0.52917,0.534,4.40871,4.338,-0.00192000000000003,-0.015403,-0.087143,-0.070648,-0.055245,-0.016495,-0.0056179999999999,-0.00483,0.0707100000000001
"FluorPen - test 1.xlsx","30",4915,6679,10498,10707,17726,0.722724,0.725,0.550777,0.576,1.748713,1.847,1.263837,1.338,0.71306,0.763,0.484877,0.508,0.564203,0.57,0.407763,0.413,1.929707,1.89,-0.00227599999999994,-0.025223,-0.098287,-0.074163,-0.04994,-0.023123,-0.00579699999999994,-0.00523699999999999,0.0397070000000002
"FluorPen - test 1.xlsx","31",5722,7916,12572,10637,19062,0.699822,0.703,0.657871,0.685,1.830706,1.921,1.281168,1.351,0.623297,0.666,0.549538,0.57,0.486507,0.493,0.340468,0.347,1.206545,1.2,-0.0031779999999999,-0.0271290000000001,-0.0902940000000001,-0.0698319999999999,-0.042703,-0.020462,-0.00649299999999997,-0.00653199999999998,0.00654500000000002
"FluorPen - test 1.xlsx","32",5851,8517,14467,12874,23212,0.747932,0.747,0.61425,0.644,1.654826,1.758,1.237697,1.313,0.623447,0.669,0.417128,0.445,0.503715,0.509,0.376745,0.38,1.819896,1.743,0.000932000000000044,-0.0297500000000001,-0.103174,-0.0753030000000001,-0.0455530000000001,-0.027872,-0.00528499999999998,-0.00325500000000001,0.0768960000000001
"FluorPen - test 1.xlsx","33",6339,9233,14694,14694,25846,0.75474,0.759,0.593428,0.621,1.835756,1.939,1.385518,1.472,0.79209,0.852,0.450238,0.467,0.571692,0.578,0.431479,0.439,2.23749,2.232,-0.00426000000000004,-0.027572,-0.103244,-0.0864819999999999,-0.05991,-0.016762,-0.00630799999999998,-0.007521,0.00548999999999999
"FluorPen - test 1.xlsx","34",8647,10988,13199,10988,14434,0.400928,0.388,1.61811,1.61,5.130886,5.345,2.057118,2.077,0.439008,0.467,3.073768,0.3269,0.213409,0.225,0.085562,0.087,0.035388,0.034,0.012928,0.00810999999999984,-0.214114,-0.019882,-0.027992,2.746868,-0.011591,-0.00143799999999999,0.001388
"FluorPen - test 1.xlsx","35",6892,9623,14337,14402,21099,0.673349,0.684,0.768917,0.8,2.179097,2.266,1.467293,1.549,0.698377,0.749,0.711803,0.717,0.475963,0.484,0.320489,0.331,0.859194,0.893,-0.0106510000000001,-0.0310830000000001,-0.086903,-0.081707,-0.050623,-0.00519700000000001,-0.00803699999999996,-0.010511,-0.033806
"FluorPen - test 1.xlsx","36",6112,7997,11508,11313,19083,0.679715,0.698,0.581297,0.607,2.055761,2.123,1.397331,1.481,0.816035,0.874,0.65843,0.641,0.583995,0.59,0.39695,0.412,1.4492,1.565,-0.018285,-0.025703,-0.0672390000000003,-0.0836689999999998,-0.057965,0.0174299999999999,-0.00600499999999993,-0.01505,-0.1158
"FluorPen - test 1.xlsx","37",6957,9948,14369,22042,31080,0.776158,0.781,0.495958,0.496,2.079652,2.119,1.614139,1.654,1.118181,1.159,0.465513,0.464,0.692741,0.7,0.537677,0.547,3.759115,3.93,-0.00484200000000001,-4.19999999999865e-05,-0.0393480000000004,-0.0398609999999999,-0.0408189999999999,0.00151299999999999,-0.0072589999999999,-0.00932300000000008,-0.170885
"FluorPen - test 1.xlsx","38",5982,8322,11736,14044,25358,0.764098,0.766,0.483072,0.495,2.128908,2.228,1.626694,1.708,1.143623,1.213,0.502213,0.521,0.703035,0.71,0.537187,0.544,3.601902,3.604,-0.00190199999999996,-0.011928,-0.0990920000000002,-0.0813060000000001,-0.0693769999999998,-0.018787,-0.006965,-0.00681300000000007,-0.00209800000000016
"FluorPen - test 1.xlsx","39",4336,5752,8783,10767,21744,0.800589,0.803,0.325368,0.332,1.590914,1.653,1.273668,1.327,0.9483,0.995,0.317246,0.325,0.744543,0.75,0.596072,0.602,7.355028,7.395,-0.00241100000000005,-0.00663200000000003,-0.0620860000000001,-0.0533319999999999,-0.0467,-0.00775400000000004,-0.00545700000000005,-0.00592799999999993,-0.0399720000000006
"FluorPen - test 1.xlsx","40",7217,10078,13784,15247,22920,0.685122,0.684,0.728778,0.739,2.543565,2.639,1.742653,1.805,1.013875,1.065,0.800912,0.834,0.5818,0.59,0.398604,0.404,1.190069,1.182,0.00112199999999996,-0.010222,-0.0954349999999997,-0.0623470000000002,-0.0511249999999999,-0.033088,-0.00819999999999999,-0.00539600000000001,0.0080690000000001
"FluorPen - test 1.xlsx","41",7640,9980,12419,10468,17068,0.552379,0.548,0.992787,0.979,3.545699,3.626,1.958569,1.985,0.965781,1.007,1.58713,1.64,0.493106,0.507,0.272381,0.278,0.338569,0.343,0.00437899999999991,0.013787,-0.0803010000000004,-0.0264310000000001,-0.0412190000000001,-0.05287,-0.013894,-0.00561900000000004,-0.00443100000000002
"FluorPen - test 1.xlsx","42",3240,3918,6241,8564,13060,0.751914,0.768,0.276171,0.286,1.201864,1.235,0.903699,0.948,0.627528,0.662,0.298165,0.287,0.694399,0.699,0.522129,0.536,5.730147,6.209,-0.016086,-0.00982899999999998,-0.0331359999999998,-0.0443009999999999,-0.0344720000000001,0.011165,-0.00460099999999997,-0.0138710000000001,-0.478853
"FluorPen - test 1.xlsx","43",5917,8387,13166,11476,18856,0.686201,0.686,0.763583,0.796,1.986222,2.094,1.362947,1.437,0.599364,0.642,0.623275,0.656,0.439756,0.446,0.301761,0.307,0.864183,0.844,0.000200999999999896,-0.032417,-0.107778,-0.0740529999999999,-0.042636,-0.032725,-0.00624400000000003,-0.00523899999999999,0.0201830000000001
"FluorPen - test 1.xlsx","44",6664,9428,13134,16092,25033,0.733791,0.743,0.601884,0.609,2.328741,2.383,1.70881,1.771,1.106926,1.161,0.619931,0.612,0.647776,0.656,0.475333,0.487,2.176885,2.313,-0.00920900000000002,-0.00711600000000001,-0.0542590000000001,-0.0621900000000002,-0.054074,0.00793100000000002,-0.00822400000000001,-0.011667,-0.136115
"FluorPen - test 1.xlsx","45",5274,7178,10637,9900,18115,0.70886,0.707,0.5931,0.604,2.003358,2.084,1.420101,1.474,0.827,0.87,0.583258,0.61,0.582353,0.59,0.412807,0.417,1.694641,1.669,0.00186000000000008,-0.0109,-0.0806420000000001,-0.0538989999999999,-0.043,-0.0267419999999999,-0.00764699999999996,-0.004193,0.025641
"FluorPen - test 1.xlsx","46",6469,8875,12289,13004,20774,0.688601,0.687,0.672772,0.684,2.401402,2.504,1.653608,1.721,0.980836,1.037,0.747794,0.783,0.593149,0.603,0.408443,0.414,1.342501,1.332,0.00160099999999996,-0.011228,-0.102598,-0.0673920000000001,-0.0561640000000001,-0.0352060000000001,-0.00985099999999994,-0.00555699999999998,0.0105010000000001
"FluorPen - test 1.xlsx","47",4935,6839,10847,12133,19242,0.74353,0.744,0.532327,0.552,1.732583,1.822,1.288227,1.356,0.755901,0.804,0.444356,0.466,0.586776,0.593,0.436285,0.441,2.376039,2.326,-0.00046999999999997,-0.0196730000000001,-0.0894169999999999,-0.0677729999999999,-0.048099,-0.0216440000000001,-0.00622400000000001,-0.00471500000000002,0.0500390000000004
"FluorPen - test 1.xlsx","48",5563,7946,11844,13329,20757,0.731994,0.729,0.627353,0.644,2.073231,2.176,1.517593,1.587,0.89024,0.943,0.555638,0.589,0.586613,0.594,0.429397,0.434,1.869435,1.816,0.00299400000000005,-0.016647,-0.102769,-0.069407,-0.0527599999999999,-0.033362,-0.00738699999999992,-0.00460300000000002,0.0534349999999999
"FluorPen - test 1.xlsx","49",7022,9265,13459,10371,18888,0.62823,0.636,0.75611,0.76,2.218643,2.24,1.393817,1.424,0.637707,0.664,0.824826,0.815,0.457526,0.466,0.287431,0.297,0.642381,0.682,-0.00777000000000005,-0.00389000000000006,-0.0213569999999996,-0.0301829999999998,-0.026293,0.009826,-0.00847400000000004,-0.00956899999999999,-0.0396190000000001
"FluorPen - test 1.xlsx","50",6274,9363,13914,16483,27926,0.775335,0.775,0.570663,0.583,2.085909,2.173,1.617277,1.684,1.046614,1.102,0.468631,0.488,0.647146,0.654,0.501755,0.507,3.034345,3.002,0.000334999999999974,-0.0123369999999999,-0.087091,-0.0667229999999999,-0.0553859999999999,-0.019369,-0.00685400000000003,-0.00524500000000006,0.0323450000000003
"FluorPen - test 1.xlsx","51",10273,12679,13036,13329,17523,0.413742,0.403,1.327448,1.258,8.418703,8.874,3.48317,3.573,2.155722,2.315,4.935532,0.5301,0.618897,0.648,0.256063,0.261,0.136135,0.14,0.010742,0.069448,-0.455296999999998,-0.0898300000000005,-0.159278,4.405432,-0.029103,-0.00493700000000002,-0.00386500000000001
"FluorPen - test 1.xlsx","52",6762,7737,9038,8940,10793,0.373483,0.379,0.967502,0.992,4.587982,4.723,1.713533,1.792,0.746031,0.799,2.87445,0.2932,0.435376,0.446,0.162605,0.169,0.100189,0.104,-0.00551699999999999,-0.024498,-0.135018000000001,-0.0784669999999998,-0.052969,2.58125,-0.010624,-0.00639500000000001,-0.00381099999999999
"FluorPen - test 1.xlsx","53",5982,7770,10988,10371,17230,0.652815,0.657,0.635846,0.645,2.1885,2.247,1.428686,1.476,0.792839,0.831,0.759815,0.771,0.554943,0.563,0.362275,0.37,1.07131,1.099,-0.00418499999999999,-0.009154,-0.0585,-0.0473140000000001,-0.038161,-0.011185,-0.00805699999999998,-0.00772499999999998,-0.02769
"FluorPen - test 1.xlsx","54",9688,11899,13882,12029,16548,0.414552,0.408,1.289213,1.248,5.086765,5.147,2.108727,2.1,0.819514,0.853,2.978039,0.3046,0.38863,0.406,0.161107,0.166,0.088487,0.092,0.006552,0.0412129999999999,-0.0602350000000005,0.00872699999999993,-0.033486,2.673439,-0.0173700000000001,-0.00489300000000001,-0.003513
"FluorPen - test 1.xlsx","55",7249,11476,17328,23050,31470,0.769654,0.764,0.698072,0.719,2.179613,2.312,1.677547,1.766,0.979475,1.047,0.502066,0.546,0.583873,0.593,0.44938,0.453,2.150938,2.034,0.00565399999999994,-0.0209279999999999,-0.132387,-0.0884530000000001,-0.0675250000000002,-0.043934,-0.009127,-0.00362000000000001,0.116938
"FluorPen - test 1.xlsx","56",6469,9785,15605,15605,21847,0.703895,0.702,0.862531,0.903,2.062578,2.19,1.451839,1.539,0.589308,0.635,0.610739,0.652,0.405905,0.413,0.285714,0.29,0.787445,0.758,0.00189500000000009,-0.040469,-0.127422,-0.087161,-0.045692,-0.041261,-0.00709499999999996,-0.00428599999999996,0.0294449999999999
"FluorPen - test 1.xlsx","57",6079,8908,13362,17263,27699,0.780534,0.778,0.523404,0.53,1.990632,2.072,1.553755,1.611,1.030351,1.082,0.436877,0.461,0.663136,0.671,0.5176,0.522,3.517066,3.443,0.00253399999999993,-0.00659600000000005,-0.0813680000000001,-0.057245,-0.0516490000000001,-0.024123,-0.00786400000000009,-0.00440000000000007,0.0740659999999997
"FluorPen - test 1.xlsx","58",4845,6640,9890,13299,22582,0.785449,0.79,0.404804,0.413,1.811947,1.877,1.423191,1.483,1.018388,1.07,0.388756,0.394,0.715566,0.722,0.562041,0.57,5.082879,5.196,-0.00455100000000008,-0.00819599999999998,-0.065053,-0.059809,-0.0516119999999998,-0.00524400000000003,-0.00643399999999994,-0.00795899999999994,-0.113121
"FluorPen - test 1.xlsx","59",4047,5264,7736,11106,19301,0.790322,0.793,0.319129,0.319,1.669698,1.704,1.319599,1.352,1.000469,1.033,0.350099,0.353,0.758162,0.764,0.599192,0.606,7.077006,7.289,-0.00267800000000007,0.00012899999999999,-0.0343020000000001,-0.0324009999999999,-0.0325309999999999,-0.00290099999999999,-0.00583800000000001,-0.00680800000000004,-0.211994
"FluorPen - test 1.xlsx","60",6079,8712,12971,17133,26594,0.771415,0.776,0.51338,0.525,1.980969,2.051,1.528149,1.592,1.014768,1.068,0.452821,0.459,0.664051,0.67,0.512258,0.521,3.367357,3.444,-0.00458500000000006,-0.0116200000000001,-0.0700309999999997,-0.0638509999999999,-0.0532320000000002,-0.00617900000000005,-0.00594900000000009,-0.00874200000000003,-0.0766429999999998
"FluorPen - test 1.xlsx","61",5819,8387,12711,15052,26659,0.781725,0.782,0.492898,0.51,1.906584,2.011,1.490424,1.573,0.997525,1.062,0.41616,0.438,0.66929,0.676,0.5232,0.528,3.801545,3.716,-0.000275000000000025,-0.017102,-0.104416,-0.082576,-0.0644750000000001,-0.02184,-0.00670999999999999,-0.00480000000000003,0.0855449999999998
"FluorPen - test 1.xlsx","62",3310,4117,6001,7487,15971,0.792749,0.796,0.254956,0.26,1.513157,1.567,1.199554,1.248,0.944598,0.988,0.313603,0.319,0.787458,0.792,0.624256,0.631,9.365642,9.489,-0.003251,-0.00504399999999999,-0.0538429999999996,-0.048446,-0.0434019999999999,-0.00539699999999999,-0.00454200000000005,-0.00674399999999997,-0.123358000000001
"FluorPen - test 1.xlsx","63",4925,6689,9631,14296,24785,0.801291,0.803,0.355287,0.356,1.871183,1.923,1.499363,1.544,1.144076,1.188,0.371821,0.379,0.763041,0.769,0.611418,0.618,6.939562,7.063,-0.00170900000000007,-0.000712999999999964,-0.051817,-0.044637,-0.0439239999999999,-0.00717899999999999,-0.00595900000000005,-0.00658199999999998,-0.123438
"FluorPen - test 1.xlsx","64",5591,7672,11248,15897,25065,0.77694,0.78,0.427442,0.438,1.893906,1.974,1.471451,1.538,1.04401,1.101,0.422455,0.435,0.70951,0.715,0.551247,0.558,4.491949,4.505,-0.00306000000000006,-0.010558,-0.0800940000000001,-0.066549,-0.0569899999999999,-0.012545,-0.00548999999999999,-0.00675300000000001,-0.0130509999999999
"FluorPen - test 1.xlsx","65",5917,8680,13036,18693,30332,0.804925,0.805,0.452673,0.462,1.928707,2.015,1.552465,1.623,1.099793,1.16,0.376242,0.393,0.708417,0.715,0.570223,0.576,5.197753,5.147,-7.50000000000473e-05,-0.00932700000000003,-0.0862929999999997,-0.070535,-0.0602069999999999,-0.016758,-0.00658300000000001,-0.00577699999999992,0.0507529999999994
"FluorPen - test 1.xlsx","66",6632,10663,15930,19279,31113,0.786842,0.783,0.658633,0.673,2.203921,2.314,1.734136,1.812,1.075503,1.139,0.469784,0.502,0.620195,0.629,0.487995,0.492,2.734996,2.638,0.00384200000000001,-0.014367,-0.110079,-0.0778639999999999,-0.0634969999999999,-0.032216,-0.00880499999999995,-0.00400499999999998,0.0969959999999999
"FluorPen - test 1.xlsx","67",6112,9005,13459,14402,20091,0.695784,0.695,0.827813,0.851,2.263726,2.367,1.575065,1.644,0.747252,0.793,0.688661,0.723,0.474426,0.482,0.330098,0.335,0.912018,0.895,0.000784000000000007,-0.023187,-0.103274,-0.0689350000000002,-0.045748,-0.034339,-0.00757399999999997,-0.00490200000000002,0.017018
"FluorPen - test 1.xlsx","68",3908,5533,9531,11615,20428,0.808694,0.809,0.393462,0.411,1.429424,1.516,1.155967,1.227,0.762504,0.816,0.273457,0.289,0.659625,0.665,0.533435,0.538,5.731038,5.56,-0.000306000000000028,-0.017538,-0.086576,-0.0710329999999999,-0.053496,-0.015543,-0.00537500000000002,-0.00456500000000004,0.171037999999999
"FluorPen - test 1.xlsx","69",4566,6370,10269,14117,27098,0.8315,0.833,0.320256,0.331,1.521706,1.6,1.265299,1.334,0.945043,1.002,0.256407,0.267,0.746893,0.752,0.621042,0.626,9.569475,9.457,-0.00149999999999995,-0.010744,-0.0782940000000001,-0.0687010000000001,-0.056957,-0.010593,-0.00510699999999997,-0.00495800000000002,0.112475
"FluorPen - test 1.xlsx","70",5124,7357,11924,14277,23658,0.783414,0.782,0.481925,0.498,1.676674,1.765,1.313529,1.379,0.831604,0.882,0.363145,0.385,0.633107,0.639,0.495984,0.5,3.722619,3.597,0.00141400000000003,-0.016075,-0.0883259999999999,-0.0654710000000001,-0.050396,-0.021855,-0.00589300000000004,-0.00401600000000002,0.125619
"FluorPen - test 1.xlsx","71",4576,6580,10857,13040,22043,0.792406,0.794,0.458923,0.479,1.610576,1.704,1.27623,1.353,0.817307,0.874,0.334346,0.351,0.640408,0.646,0.507463,0.513,4.220822,4.123,-0.00159399999999998,-0.020077,-0.093424,-0.0767700000000002,-0.056693,-0.016654,-0.00559200000000004,-0.00553700000000001,0.0978219999999999
"FluorPen - test 1.xlsx","72",4606,6291,9451,11854,19272,0.761,0.762,0.459566,0.473,1.828021,1.916,1.391125,1.461,0.931559,0.988,0.436896,0.455,0.669644,0.677,0.509599,0.516,3.530762,3.501,-0.001,-0.013434,-0.087979,-0.0698749999999999,-0.056441,-0.018104,-0.00735600000000003,-0.00640099999999999,0.0297619999999998
"FluorPen - test 1.xlsx","73",5064,7018,10598,15782,26938,0.812013,0.815,0.357319,0.365,1.739332,1.812,1.41236,1.477,1.055041,1.111,0.326972,0.335,0.747006,0.753,0.606578,0.613,7.332716,7.4,-0.00298699999999996,-0.00768099999999999,-0.0726679999999997,-0.0646399999999998,-0.0559590000000001,-0.00802800000000004,-0.00599400000000005,-0.00642200000000004,-0.0672840000000008
"FluorPen - test 1.xlsx","74",7477,11216,16255,25846,37225,0.79914,0.795,0.502756,0.508,2.132047,2.225,1.703805,1.769,1.201048,1.261,0.428242,0.456,0.704921,0.713,0.563331,0.567,4.457963,4.331,0.00413999999999992,-0.00524400000000003,-0.0929530000000001,-0.0651950000000001,-0.059952,-0.027758,-0.00807899999999995,-0.00366899999999992,0.126963
"FluorPen - test 1.xlsx","75",5004,7407,12462,14127,20837,0.75985,0.76,0.607086,0.637,1.696147,1.803,1.288817,1.37,0.681731,0.733,0.407329,0.434,0.528959,0.535,0.401929,0.406,2.094812,2.016,-0.000149999999999983,-0.029914,-0.106853,-0.0811829999999998,-0.051269,-0.026671,-0.00604100000000007,-0.00407100000000005,0.0788120000000001
"FluorPen - test 1.xlsx","76",1963,2243,3236,3996,6990,0.71917,0.744,0.222797,0.234,1.22337,1.256,0.879811,0.935,0.657015,0.701,0.343559,0.321,0.746767,0.75,0.537053,0.558,6.173004,6.937,-0.02483,-0.011203,-0.0326299999999997,-0.055189,-0.0439849999999999,0.022559,-0.00323300000000004,-0.020947,-0.763996000000001
"FluorPen - test 1.xlsx","77",4695,6779,10657,14905,27337,0.828255,0.828,0.368165,0.381,1.688114,1.783,1.398189,1.477,1.030023,1.096,0.289926,0.306,0.736684,0.742,0.610162,0.615,7.992478,7.784,0.000255000000000005,-0.012835,-0.0948860000000002,-0.078811,-0.065977,-0.016074,-0.00531599999999999,-0.00483800000000001,0.208477999999999
"FluorPen - test 1.xlsx","78",5393,8334,12901,18783,28583,0.811321,0.809,0.507288,0.524,1.931247,2.043,1.566862,1.653,1.059574,1.128,0.364385,0.39,0.67624,0.683,0.548648,0.552,4.650608,4.461,0.00232099999999991,-0.0167120000000001,-0.111753,-0.086138,-0.0684259999999999,-0.025615,-0.0067600000000001,-0.00335200000000002,0.189608
"FluorPen - test 1.xlsx","79",6762,9980,14922,20709,34136,0.80191,0.799,0.470227,0.475,1.967117,2.047,1.577451,1.637,1.107224,1.161,0.389666,0.411,0.701907,0.709,0.562866,0.567,4.845744,4.755,0.00290999999999997,-0.00477299999999997,-0.0798829999999997,-0.0595489999999999,-0.053776,-0.021334,-0.00709300000000002,-0.00413399999999997,0.0907439999999999
"FluorPen - test 1.xlsx","80",4885,6889,10797,16011,25124,0.805564,0.807,0.396067,0.409,1.683151,1.77,1.355886,1.428,0.959819,1.019,0.327264,0.342,0.707891,0.713,0.570252,0.576,5.965163,5.88,-0.0014360000000001,-0.012933,-0.086849,-0.0721140000000002,-0.0591810000000002,-0.014736,-0.00510899999999992,-0.00574799999999998,0.0851630000000005
"FluorPen - test 1.xlsx","81",6469,9363,13589,20091,29942,0.783949,0.783,0.493162,0.499,2.073914,2.155,1.625843,1.687,1.13268,1.189,0.448071,0.468,0.696673,0.704,0.546156,0.552,4.018446,3.988,0.000948999999999978,-0.00583800000000001,-0.0810860000000004,-0.0611569999999999,-0.0563200000000001,-0.019929,-0.00732699999999997,-0.00584400000000007,0.0304459999999995
"FluorPen - test 1.xlsx","82",5174,7268,11515,13977,24516,0.788954,0.79,0.433047,0.445,1.674276,1.75,1.320927,1.383,0.88788,0.938,0.353349,0.367,0.672164,0.678,0.530307,0.536,4.577905,4.54,-0.00104599999999999,-0.011953,-0.0757239999999999,-0.0620730000000003,-0.0501199999999999,-0.013651,-0.00583600000000006,-0.00569300000000006,0.0379050000000003
"FluorPen - test 1.xlsx","83",5403,7467,11136,12602,20767,0.739828,0.742,0.53736,0.553,1.946513,2.034,1.440084,1.509,0.902724,0.956,0.506429,0.525,0.626855,0.633,0.463765,0.47,2.454153,2.445,-0.00217199999999995,-0.0156400000000001,-0.0874869999999999,-0.068916,-0.053276,-0.018571,-0.00614499999999996,-0.00623499999999999,0.00915299999999997
"FluorPen - test 1.xlsx","84",5851,8387,12354,15572,25065,0.766567,0.77,0.527948,0.547,2.034911,2.142,1.559895,1.649,1.031947,1.102,0.475016,0.493,0.661549,0.668,0.507121,0.514,3.154338,3.144,-0.00343300000000002,-0.0190520000000001,-0.107089,-0.0891050000000002,-0.0700529999999999,-0.017984,-0.00645099999999998,-0.00687899999999997,0.0103380000000004
"FluorPen - test 1.xlsx","85",5044,6630,9242,11305,15064,0.665162,0.666,0.633134,0.642,2.271922,2.352,1.511196,1.566,0.878062,0.924,0.760726,0.786,0.581038,0.59,0.386484,0.393,1.212632,1.218,-0.000838000000000005,-0.00886600000000004,-0.0800779999999999,-0.0548040000000001,-0.045938,-0.025274,-0.00896199999999991,-0.00651600000000002,-0.00536800000000004
"FluorPen - test 1.xlsx","86",3120,3738,5722,5812,13220,0.763994,0.772,0.244752,0.254,1.243516,1.295,0.950038,1,0.705286,0.746,0.293477,0.295,0.742376,0.746,0.567171,0.576,7.501596,7.703,-0.00800600000000007,-0.00924800000000001,-0.0514839999999999,-0.049962,-0.040714,-0.001523,-0.00362399999999996,-0.00882899999999998,-0.201404
"FluorPen - test 1.xlsx","87",3978,4915,7168,8175,14306,0.721935,0.727,0.362897,0.37,1.627462,1.676,1.174922,1.218,0.812025,0.848,0.45254,0.458,0.691131,0.696,0.498951,0.506,3.569656,3.637,-0.00506499999999999,-0.00710299999999997,-0.0485379999999997,-0.0430779999999999,-0.035975,-0.00546000000000002,-0.0048689999999999,-0.00704900000000003,-0.0673439999999994
"FluorPen - test 1.xlsx","88",5652,8195,12741,15563,23818,0.7627,0.76,0.559947,0.579,1.88134,1.987,1.434899,1.511,0.874952,0.931,0.446441,0.476,0.609765,0.617,0.465068,0.469,2.669482,2.567,0.00270000000000004,-0.019053,-0.10566,-0.076101,-0.0560480000000001,-0.029559,-0.00723499999999999,-0.00393199999999999,0.102482
"FluorPen - test 1.xlsx","89",7932,11248,15767,23505,32673,0.757231,0.757,0.536114,0.543,2.235668,2.325,1.692916,1.759,1.156802,1.216,0.542751,0.566,0.683319,0.692,0.51743,0.523,3.010434,2.996,0.000230999999999981,-0.00688600000000006,-0.0893320000000002,-0.0660839999999998,-0.0591979999999999,-0.023249,-0.00868099999999994,-0.00557000000000007,0.0144340000000001
"FluorPen - test 1.xlsx","90",5884,9168,15865,16743,28739,0.795261,0.8,0.574754,0.608,1.65493,1.76,1.316101,1.409,0.741347,0.8,0.338829,0.352,0.56329,0.568,0.447963,0.455,3.027391,2.994,-0.00473900000000005,-0.033246,-0.10507,-0.0928990000000001,-0.0586530000000001,-0.013171,-0.00470999999999999,-0.00703700000000002,0.0333910000000004
"FluorPen - test 1.xlsx","91",6989,10078,14272,20351,30267,0.769088,0.772,0.530802,0.531,2.205928,2.254,1.696554,1.741,1.165752,1.21,0.509374,0.514,0.687129,0.695,0.528463,0.537,3.31599,3.423,-0.00291200000000003,-0.000198000000000031,-0.0480719999999999,-0.0444460000000002,-0.0442480000000001,-0.00462600000000002,-0.00787099999999996,-0.00853700000000002,-0.10701
"FluorPen - test 1.xlsx","92",6404,9233,13622,15312,25423,0.748102,0.75,0.594984,0.616,2.095633,2.208,1.567747,1.656,0.972763,1.04,0.527885,0.553,0.620485,0.628,0.464186,0.471,2.316984,2.289,-0.00189799999999996,-0.021016,-0.112367,-0.0882529999999999,-0.067237,-0.025115,-0.00751500000000005,-0.00681399999999999,0.027984
"FluorPen - test 1.xlsx","93",4715,6689,10358,13260,25632,0.81605,0.819,0.377492,0.386,1.714669,1.784,1.399256,1.462,1.021764,1.076,0.315413,0.322,0.730219,0.736,0.595896,0.603,7.002937,7.082,-0.0029499999999999,-0.00850800000000002,-0.069331,-0.0627439999999999,-0.0542360000000002,-0.00658700000000001,-0.00578100000000004,-0.007104,-0.0790630000000005
"FluorPen - test 1.xlsx","94",5563,7666,10947,15682,26629,0.791092,0.791,0.399316,0.401,1.975,2.037,1.562407,1.612,1.163091,1.211,0.412592,0.425,0.744422,0.751,0.588907,0.594,5.584733,5.621,9.1999999999981e-05,-0.00168400000000002,-0.0619999999999998,-0.0495929999999996,-0.0479089999999998,-0.012408,-0.00657799999999997,-0.00509300000000001,-0.0362670000000005
"FluorPen - test 1.xlsx","95",5949,8355,12646,15377,26984,0.779536,0.78,0.457523,0.474,1.843483,1.949,1.437061,1.52,0.979538,1.046,0.406422,0.429,0.681626,0.688,0.531352,0.537,4.106461,4.007,-0.00046400000000002,-0.016477,-0.105517,-0.0829390000000001,-0.0664619999999998,-0.022578,-0.00637399999999999,-0.00564799999999999,0.0994610000000007
"FluorPen - test 1.xlsx","96",4606,6241,10009,10348,17268,0.733264,0.735,0.516506,0.541,1.650755,1.745,1.210439,1.283,0.693933,0.743,0.440316,0.462,0.57329,0.579,0.420373,0.426,2.237369,2.186,-0.00173599999999996,-0.024494,-0.0942449999999999,-0.0725610000000001,-0.049067,-0.021684,-0.00570999999999999,-0.00562699999999999,0.0513690000000002
"FluorPen - test 1.xlsx","97",3429,4346,6759,8514,16949,0.797687,0.804,0.271302,0.276,1.380869,1.419,1.101502,1.141,0.8302,0.865,0.279368,0.278,0.753698,0.758,0.601215,0.609,8.73749,9.052,-0.00631300000000001,-0.00469800000000004,-0.0381310000000001,-0.039498,-0.0347999999999999,0.00136799999999998,-0.00430200000000003,-0.00778499999999993,-0.314510000000002
"FluorPen - test 1.xlsx","98",4935,7058,11266,15413,25064,0.803104,0.804,0.421879,0.439,1.67019,1.769,1.341336,1.422,0.919457,0.982,0.328854,0.347,0.685479,0.691,0.550511,0.555,5.322467,5.177,-0.000896000000000008,-0.017121,-0.0988100000000001,-0.0806639999999998,-0.062543,-0.018146,-0.005521,-0.00448900000000008,0.145466999999999
"FluorPen - test 1.xlsx","99",4785,6998,11166,14715,22572,0.788012,0.788,0.497667,0.514,1.760435,1.853,1.387243,1.46,0.889577,0.946,0.373192,0.393,0.641255,0.648,0.505316,0.51,3.774378,3.682,1.2000000000012e-05,-0.016333,-0.0925650000000002,-0.072757,-0.056423,-0.019808,-0.006745,-0.00468400000000002,0.0923780000000001
"FluorPen - test 1.xlsx","100",3090,3519,4925,5294,10219,0.697622,0.711,0.240707,0.259,1.340482,1.43,0.93515,1.017,0.694443,0.759,0.405332,0.413,0.742601,0.746,0.518055,0.53,4.965432,5.054,-0.013378,-0.018293,-0.0895180000000002,-0.0818499999999999,-0.064557,-0.00766799999999995,-0.00339900000000004,-0.011945,-0.0885680000000004
"FluorPen - test 1.xlsx","101",6697,9655,13654,17523,23765,0.718199,0.714,0.693227,0.704,2.368053,2.474,1.700733,1.767,1.007506,1.063,0.66732,0.707,0.592395,0.602,0.425458,0.43,1.564167,1.524,0.00419900000000006,-0.0107729999999999,-0.105947,-0.0662669999999999,-0.0554939999999999,-0.0396799999999999,-0.00960499999999997,-0.00454199999999999,0.0401670000000001
"FluorPen - test 1.xlsx","102",4965,6829,10059,13359,19900,0.750503,0.75,0.49923,0.51,1.95027,2.035,1.463683,1.527,0.964453,1.017,0.486588,0.508,0.658922,0.666,0.494523,0.5,2.979693,2.946,0.000503000000000031,-0.01077,-0.0847300000000002,-0.0633169999999998,-0.0525469999999999,-0.021412,-0.00707800000000003,-0.00547700000000001,0.033693
"FluorPen - test 1.xlsx","103",4636,6560,10239,11944,18025,0.742802,0.742,0.5748,0.594,1.849148,1.945,1.37355,1.443,0.79875,0.849,0.475598,0.502,0.581522,0.589,0.431956,0.437,2.170336,2.112,0.000801999999999969,-0.0192,-0.0958519999999998,-0.06945,-0.05025,-0.026402,-0.00747799999999998,-0.00504399999999999,0.0583360000000002
"FluorPen - test 1.xlsx","104",3778,4915,7347,9491,14665,0.74238,0.747,0.417746,0.428,1.716516,1.778,1.274307,1.329,0.856561,0.901,0.442209,0.449,0.672178,0.678,0.499011,0.507,3.442266,3.5,-0.00461999999999996,-0.010254,-0.0614840000000001,-0.0546930000000001,-0.044439,-0.00679099999999999,-0.00582199999999999,-0.00798900000000002,-0.057734
"FluorPen - test 1.xlsx","105",4885,6969,10079,13349,21445,0.772208,0.771,0.503382,0.511,2.078363,2.161,1.604929,1.667,1.101547,1.156,0.473435,0.494,0.686353,0.693,0.530007,0.535,3.569275,3.534,0.00120799999999999,-0.00761800000000001,-0.0826370000000001,-0.0620709999999998,-0.0544529999999999,-0.020565,-0.00664699999999996,-0.00499300000000003,0.0352750000000004
"FluorPen - test 1.xlsx","106",4855,7088,11983,12721,22392,0.783181,0.783,0.509323,0.537,1.599995,1.707,1.253086,1.337,0.743763,0.8,0.346909,0.37,0.593545,0.599,0.464854,0.469,3.296771,3.154,0.000180999999999987,-0.0276770000000001,-0.107005,-0.083914,-0.0562370000000001,-0.023091,-0.00545499999999999,-0.00414599999999998,0.142771
"FluorPen - test 2.xlsx","1",6437,10305,17068,24285,35794,0.820165,0.818,0.527029,0.546,1.774479,1.876,1.455366,1.535,0.928337,0.989,0.319113,0.342,0.637872,0.644,0.52316,0.527,4.527184,4.337,0.00216500000000008,-0.0189710000000001,-0.101521,-0.079634,-0.060663,-0.022887,-0.00612800000000002,-0.00384000000000007,0.190184
"FluorPen - test 2.xlsx","2",5214,7956,13120,20807,33499,0.844354,0.842,0.387767,0.4,1.643033,1.734,1.387301,1.459,0.999533,1.059,0.255732,0.274,0.720488,0.726,0.608347,0.611,8.510693,8.123,0.00235400000000008,-0.012233,-0.090967,-0.0716990000000002,-0.0594669999999999,-0.018268,-0.00551199999999996,-0.00265300000000002,0.387693000000001
"FluorPen - test 2.xlsx","3",5423,8115,12891,19581,33848,0.839784,0.838,0.378821,0.391,1.716972,1.814,1.441885,1.52,1.063064,1.128,0.275087,0.295,0.737274,0.742,0.61915,0.622,8.566874,8.195,0.00178400000000001,-0.012179,-0.0970280000000001,-0.0781149999999999,-0.0649359999999999,-0.019913,-0.00472600000000001,-0.00285000000000002,0.371874
"FluorPen - test 2.xlsx","4",6242,10078,16190,26496,38753,0.838929,0.836,0.471963,0.48,1.83856,1.918,1.542421,1.603,1.070457,1.122,0.296139,0.315,0.694011,0.7,0.582226,0.585,6.425247,6.192,0.00292900000000007,-0.00803699999999996,-0.07944,-0.0605789999999999,-0.0515430000000001,-0.018861,-0.00598899999999991,-0.00277399999999994,0.233247
"FluorPen - test 2.xlsx","5",7217,10923,16092,26041,40216,0.820544,0.817,0.449226,0.454,2.035613,2.122,1.67031,1.734,1.221084,1.28,0.365303,0.388,0.731052,0.738,0.599861,0.603,6.105622,5.939,0.0035440000000001,-0.004774,-0.0863869999999998,-0.06369,-0.058916,-0.022697,-0.00694799999999995,-0.003139,0.166622
"FluorPen - test 2.xlsx","6",6181,9272,14536,23170,37307,0.834321,0.831,0.397224,0.407,1.773698,1.865,1.479832,1.55,1.082608,1.143,0.293865,0.315,0.731575,0.737,0.610368,0.613,7.737856,7.404,0.00332100000000002,-0.00977599999999995,-0.091302,-0.070168,-0.060392,-0.021135,-0.00542500000000001,-0.00263199999999997,0.333856
"FluorPen - test 2.xlsx","7",6502,9688,14922,23993,37907,0.828475,0.827,0.405795,0.413,1.826898,1.908,1.513539,1.577,1.107744,1.164,0.313359,0.331,0.73189,0.738,0.606352,0.61,7.21722,7.034,0.001475,-0.00720499999999996,-0.081102,-0.063461,-0.0562559999999999,-0.017641,-0.00610999999999995,-0.00364799999999998,0.18322
"FluorPen - test 2.xlsx","8",5124,7527,11993,19601,32631,0.842971,0.841,0.349438,0.36,1.659997,1.751,1.39933,1.472,1.049892,1.112,0.260667,0.278,0.750282,0.755,0.632466,0.635,9.716297,9.325,0.00197100000000006,-0.010562,-0.0910029999999999,-0.07267,-0.0621080000000001,-0.017333,-0.004718,-0.00253400000000004,0.391297000000002
"FluorPen - test 2.xlsx","9",5583,8683,13788,21804,35293,0.84181,0.839,0.417368,0.43,1.795267,1.895,1.511274,1.59,1.093906,1.16,0.283993,0.305,0.72383,0.729,0.609328,0.612,7.769031,7.422,0.00280999999999998,-0.012632,-0.0997330000000001,-0.0787260000000001,-0.0660939999999999,-0.021007,-0.00517000000000001,-0.00267200000000001,0.347031
"FluorPen - test 2.xlsx","10",6404,9428,14434,26333,38395,0.833207,0.831,0.378106,0.381,1.807895,1.874,1.506351,1.557,1.128245,1.176,0.301543,0.317,0.748992,0.755,0.624066,0.627,8.245041,8.071,0.00220700000000007,-0.00289400000000001,-0.0661050000000001,-0.0506489999999999,-0.047755,-0.015457,-0.00600800000000001,-0.00293399999999999,0.174041000000001
"FluorPen - test 2.xlsx","11",5623,7427,10937,16899,30458,0.815385,0.814,0.290558,0.294,1.665376,1.726,1.357922,1.406,1.067365,1.112,0.307453,0.32,0.786028,0.791,0.640915,0.644,9.742365,9.615,0.00138500000000008,-0.003442,-0.060624,-0.0480779999999998,-0.0446350000000002,-0.012547,-0.00497200000000009,-0.003085,0.127364999999999
"FluorPen - test 2.xlsx","12",5884,8712,13622,20514,33193,0.822734,0.822,0.414222,0.423,1.776853,1.853,1.461876,1.524,1.047654,1.101,0.314976,0.329,0.71665,0.723,0.589612,0.594,6.606418,6.508,0.000734000000000012,-0.00877800000000001,-0.076147,-0.0621240000000001,-0.0533459999999999,-0.014024,-0.00634999999999997,-0.00438799999999995,0.0984179999999997
"FluorPen - test 2.xlsx","13",7152,11346,17133,24448,39695,0.819826,0.816,0.515503,0.529,2.050183,2.161,1.680794,1.764,1.165291,1.236,0.369389,0.397,0.693298,0.7,0.568384,0.572,5.016965,4.804,0.00382600000000011,-0.013497,-0.110817,-0.0832060000000001,-0.0707089999999999,-0.027611,-0.00670199999999999,-0.00361599999999995,0.212965
"FluorPen - test 2.xlsx","14",6599,10175,16157,23212,36347,0.818444,0.817,0.480839,0.49,1.828527,1.907,1.496547,1.558,1.015708,1.068,0.331979,0.349,0.678701,0.685,0.555479,0.56,5.20772,5.099,0.001444,-0.00916099999999997,-0.078473,-0.061453,-0.052292,-0.017021,-0.00629900000000005,-0.00452100000000011,0.10872
"FluorPen - test 2.xlsx","15",6729,9883,14759,25423,39110,0.827947,0.826,0.389611,0.389,1.897596,1.954,1.571108,1.614,1.181497,1.224,0.326487,0.34,0.752015,0.759,0.622628,0.627,7.690194,7.645,0.00194700000000003,0.000610999999999973,-0.0564039999999999,-0.0428920000000002,-0.042503,-0.013513,-0.00698500000000002,-0.00437200000000004,0.0451940000000004
"FluorPen - test 2.xlsx","16",7445,12029,18011,29715,41776,0.821788,0.817,0.534095,0.54,2.111711,2.206,1.735378,1.802,1.201283,1.262,0.376333,0.404,0.692232,0.7,0.568867,0.572,4.911505,4.723,0.00478800000000001,-0.00590500000000005,-0.0942889999999998,-0.066622,-0.0607169999999999,-0.0276670000000001,-0.007768,-0.00313299999999994,0.188505
"FluorPen - test 2.xlsx","17",6599,10468,16840,24090,37160,0.822417,0.82,0.506397,0.524,1.837488,1.946,1.511181,1.595,1.004784,1.071,0.326307,0.351,0.6649,0.671,0.546825,0.55,5.000878,4.767,0.002417,-0.017603,-0.108512,-0.0838189999999999,-0.0662160000000001,-0.024693,-0.00609999999999999,-0.00317500000000004,0.233878
"FluorPen - test 2.xlsx","18",6892,11086,16743,23668,35762,0.807281,0.803,0.581088,0.592,2.109517,2.209,1.702974,1.775,1.121887,1.182,0.406543,0.435,0.658781,0.666,0.531821,0.535,3.833767,3.691,0.00428099999999998,-0.0109119999999999,-0.0994830000000002,-0.0720259999999999,-0.0601129999999999,-0.028457,-0.00721900000000009,-0.00317900000000004,0.142767
"FluorPen - test 2.xlsx","19",6079,9005,14922,25065,37745,0.838946,0.839,0.369608,0.388,1.577615,1.685,1.323533,1.414,0.953925,1.025,0.254082,0.272,0.720741,0.725,0.604663,0.608,8.521838,8.151,-5.39999999999985e-05,-0.018392,-0.107385,-0.0904669999999999,-0.0710749999999999,-0.017918,-0.00425900000000001,-0.00333700000000003,0.370838000000001
"FluorPen - test 2.xlsx","20",5214,7517,11754,19272,31933,0.836721,0.836,0.344773,0.355,1.683432,1.77,1.408563,1.48,1.063789,1.125,0.27487,0.291,0.75523,0.76,0.631917,0.635,9.392374,9.121,0.000721000000000083,-0.010227,-0.086568,-0.071437,-0.0612109999999999,-0.01613,-0.00477000000000005,-0.00308300000000006,0.271374
"FluorPen - test 2.xlsx","21",6014,9493,15020,23668,36087,0.833347,0.832,0.462741,0.479,1.8542,1.958,1.545192,1.63,1.082451,1.15,0.309008,0.328,0.700529,0.706,0.583784,0.587,6.308521,6.082,0.00134699999999999,-0.016259,-0.1038,-0.084808,-0.0675489999999999,-0.018992,-0.005471,-0.003216,0.226521
"FluorPen - test 2.xlsx","22",6372,9980,15930,24448,38525,0.834601,0.833,0.448854,0.465,1.809175,1.915,1.509939,1.594,1.061085,1.13,0.299236,0.32,0.702734,0.708,0.586502,0.59,6.593415,6.32,0.00160100000000007,-0.016146,-0.105825,-0.0840610000000002,-0.0689149999999998,-0.020764,-0.00526599999999999,-0.003498,0.273415
"FluorPen - test 2.xlsx","23",6274,9200,14922,21294,33421,0.812274,0.81,0.431134,0.445,1.666158,1.761,1.353377,1.426,0.922242,0.981,0.312782,0.335,0.681438,0.688,0.553514,0.557,5.555123,5.339,0.002274,-0.013866,-0.0948419999999999,-0.0726229999999999,-0.058758,-0.022218,-0.00656199999999996,-0.0034860000000001,0.216123
"FluorPen - test 2.xlsx","24",6307,8680,12711,21782,35762,0.82364,0.824,0.322254,0.316,1.799572,1.814,1.482199,1.495,1.159944,1.179,0.317373,0.319,0.782584,0.789,0.644567,0.65,9.34126,9.634,-0.000359999999999916,0.00625399999999998,-0.0144280000000001,-0.0128010000000001,-0.019056,-0.00162699999999999,-0.00641600000000009,-0.00543300000000002,-0.29274
"FluorPen - test 2.xlsx","25",6372,9915,15572,21457,35664,0.821332,0.818,0.483818,0.498,1.875531,1.98,1.540435,1.621,1.056617,1.123,0.335097,0.36,0.685921,0.693,0.563369,0.567,5.35284,5.131,0.003332,-0.014182,-0.104469,-0.080565,-0.0663830000000001,-0.024903,-0.00707899999999995,-0.00363099999999994,0.221839999999999
"FluorPen - test 2.xlsx","26",6339,10110,16190,20644,29715,0.786673,0.784,0.645277,0.665,1.946443,2.049,1.531215,1.605,0.885938,0.941,0.415228,0.443,0.578585,0.586,0.455157,0.459,2.601146,2.502,0.00267299999999993,-0.019723,-0.102557,-0.073785,-0.0550619999999999,-0.027772,-0.00741499999999995,-0.00384300000000004,0.0991460000000002
"FluorPen - test 2.xlsx","27",6307,9168,14044,21002,33518,0.811832,0.811,0.420565,0.429,1.82196,1.9,1.479126,1.541,1.058561,1.112,0.342834,0.358,0.715666,0.722,0.581001,0.586,5.960263,5.87,0.000831999999999944,-0.00843499999999997,-0.0780399999999999,-0.061874,-0.053439,-0.015166,-0.00633399999999995,-0.00499899999999998,0.0902630000000002
"FluorPen - test 2.xlsx","28",5982,8973,13914,20481,34104,0.824595,0.824,0.425432,0.438,1.829165,1.925,1.508321,1.587,1.082889,1.148,0.320844,0.338,0.717943,0.724,0.592013,0.597,6.54185,6.383,0.000595000000000012,-0.012568,-0.0958350000000001,-0.0786789999999999,-0.0651109999999999,-0.017156,-0.00605699999999998,-0.00498699999999996,0.15885
"FluorPen - test 2.xlsx","29",5523,8514,13967,21146,31943,0.827098,0.825,0.452839,0.473,1.713054,1.824,1.416864,1.504,0.964025,1.031,0.29619,0.32,0.680394,0.686,0.562752,0.565,5.944722,5.623,0.00209800000000004,-0.020161,-0.110946,-0.0871360000000001,-0.0669749999999999,-0.02381,-0.005606,-0.00224799999999992,0.321721999999999
"FluorPen - test 2.xlsx","30",6502,9818,14662,22660,36704,0.822853,0.821,0.439176,0.447,1.975432,2.065,1.62549,1.695,1.186314,1.248,0.349942,0.37,0.729819,0.736,0.600534,0.604,6.351664,6.19,0.00185299999999999,-0.007824,-0.0895679999999999,-0.06951,-0.0616859999999999,-0.020058,-0.00618099999999999,-0.00346599999999997,0.161664
"FluorPen - test 2.xlsx","31",7217,12126,18661,26008,37322,0.806629,0.801,0.65225,0.665,2.127166,2.232,1.715834,1.788,1.063583,1.123,0.411333,0.444,0.619864,0.628,0.5,0.503,3.197699,3.045,0.005629,-0.01275,-0.104834,-0.072166,-0.0594170000000001,-0.032667,-0.00813600000000003,-0.003,0.152699
"FluorPen - test 2.xlsx","32",6209,8745,13492,22725,35502,0.825108,0.825,0.346294,0.353,1.68806,1.758,1.392833,1.45,1.046538,1.097,0.295227,0.308,0.751374,0.756,0.619965,0.624,8.446252,8.323,0.000107999999999997,-0.00670599999999999,-0.0699400000000001,-0.057167,-0.050462,-0.012773,-0.00462600000000002,-0.00403500000000001,0.123251999999999
"FluorPen - test 2.xlsx","33",5884,8647,15182,18466,29682,0.801765,0.801,0.464409,0.485,1.482532,1.569,1.188643,1.257,0.724234,0.772,0.293889,0.312,0.609295,0.614,0.488512,0.492,4.254438,4.095,0.000764999999999905,-0.020591,-0.086468,-0.068357,-0.047766,-0.018111,-0.00470499999999996,-0.00348799999999999,0.159438000000001
"FluorPen - test 2.xlsx","34",5917,8973,15117,17946,29032,0.79619,0.795,0.528834,0.545,1.668816,1.749,1.328696,1.391,0.799862,0.846,0.340121,0.358,0.60199,0.608,0.479299,0.484,3.540619,3.449,0.00118999999999991,-0.016166,-0.080184,-0.0623039999999999,-0.046138,-0.017879,-0.00600999999999996,-0.00470100000000001,0.0916190000000001
"FluorPen - test 2.xlsx","35",6534,9655,14662,19961,32836,0.801011,0.799,0.474641,0.479,1.917483,1.985,1.535925,1.587,1.061284,1.107,0.381558,0.398,0.690974,0.698,0.553478,0.558,4.69402,4.638,0.00201099999999999,-0.004359,-0.067517,-0.051075,-0.0457160000000001,-0.016442,-0.00702599999999998,-0.00452200000000003,0.0560200000000002
"FluorPen - test 2.xlsx","36",6242,9590,15735,20774,30950,0.79832,0.796,0.542011,0.558,1.767116,1.858,1.410724,1.479,0.868713,0.92,0.356392,0.38,0.615792,0.622,0.491599,0.495,3.590189,3.455,0.00231999999999999,-0.015989,-0.0908840000000002,-0.068276,-0.0512870000000001,-0.023608,-0.00620799999999999,-0.00340099999999999,0.135189
"FluorPen - test 2.xlsx","37",6307,9948,15995,21489,33648,0.812559,0.81,0.53268,0.552,1.850084,1.957,1.503303,1.586,0.970623,1.034,0.346781,0.371,0.64566,0.652,0.524637,0.528,4.269574,4.086,0.00255899999999998,-0.01932,-0.106916,-0.082697,-0.063377,-0.024219,-0.00634000000000001,-0.003363,0.183574
"FluorPen - test 2.xlsx","38",6989,10110,14564,23310,35664,0.804032,0.802,0.435362,0.435,2.049735,2.107,1.648053,1.689,1.212691,1.254,0.401682,0.417,0.735833,0.743,0.591633,0.595,5.575585,5.541,0.00203199999999992,0.000362000000000029,-0.0572650000000001,-0.0409470000000001,-0.041309,-0.015318,-0.00716700000000003,-0.00336700000000001,0.0345849999999999
"FluorPen - test 2.xlsx","39",5633,8534,13977,17387,29451,0.808733,0.807,0.487195,0.508,1.719603,1.827,1.3907,1.474,0.903505,0.966,0.328903,0.353,0.649677,0.655,0.525415,0.529,4.560009,4.346,0.00173299999999998,-0.020805,-0.107397,-0.0832999999999999,-0.062495,-0.024097,-0.00532300000000008,-0.00358500000000006,0.214009
"FluorPen - test 2.xlsx","40",5343,7527,12093,15882,26350,0.79723,0.797,0.415861,0.432,1.6234,1.717,1.294222,1.368,0.878361,0.935,0.329177,0.349,0.678679,0.684,0.541063,0.545,5.115379,4.934,0.000229999999999952,-0.016139,-0.0936000000000001,-0.0737780000000001,-0.0566390000000001,-0.019823,-0.00532100000000002,-0.00393700000000008,0.181379
"FluorPen - test 2.xlsx","41",6144,8712,13231,20807,33486,0.81652,0.817,0.375686,0.388,1.775111,1.861,1.449414,1.521,1.073729,1.134,0.325697,0.34,0.740802,0.745,0.60488,0.609,7.165117,7.025,-0.000479999999999925,-0.012314,-0.0858889999999999,-0.0715859999999999,-0.060271,-0.014303,-0.00419800000000004,-0.00412000000000001,0.140117
"FluorPen - test 2.xlsx","42",6729,9655,13979,21327,33128,0.796879,0.796,0.44335,0.447,2.025835,2.093,1.614345,1.667,1.170995,1.22,0.41149,0.427,0.725368,0.732,0.578031,0.583,5.114945,5.091,0.000878999999999963,-0.00364999999999999,-0.0671650000000001,-0.0526550000000001,-0.049005,-0.01551,-0.00663199999999997,-0.004969,0.0239449999999994
"FluorPen - test 2.xlsx","43",5493,8215,14167,16610,27068,0.797067,0.796,0.504658,0.524,1.574831,1.662,1.255246,1.322,0.750587,0.798,0.319586,0.34,0.597961,0.604,0.476614,0.48,3.709464,3.564,0.00106699999999993,-0.019342,-0.0871689999999998,-0.066754,-0.047413,-0.020414,-0.00603900000000002,-0.003386,0.145464
"FluorPen - test 3.xlsx","1",6372,9655,14825,26106,38623,0.835021,0.832,0.407181,0.407,1.860471,1.914,1.553531,1.593,1.14635,1.187,0.306939,0.321,0.7379,0.745,0.616161,0.62,7.659037,7.563,0.00302100000000005,0.000181000000000042,-0.0535289999999999,-0.039469,-0.0406500000000001,-0.014061,-0.0071,-0.00383900000000004,0.0960369999999999
"FluorPen - test 3.xlsx","2",6177,9460,15085,24448,38558,0.8398,0.838,0.405546,0.413,1.755395,1.83,1.474181,1.534,1.068634,1.121,0.281215,0.297,0.7249,0.731,0.608771,0.612,7.869119,7.671,0.00180000000000002,-0.00745399999999996,-0.074605,-0.0598190000000001,-0.0523659999999999,-0.015785,-0.00609999999999999,-0.00322900000000004,0.198119
"FluorPen - test 3.xlsx","3",5134,7567,12731,21465,33917,0.84863,0.848,0.338116,0.351,1.509529,1.596,1.281032,1.353,0.942916,1.002,0.228497,0.243,0.736059,0.74,0.624643,0.628,10.357279,9.939,0.000630000000000019,-0.012884,-0.0864710000000002,-0.071968,-0.059084,-0.014503,-0.00394099999999997,-0.00335700000000005,0.418279
"FluorPen - test 3.xlsx","4",5732,8624,14097,23718,36101,0.841223,0.839,0.380915,0.393,1.643921,1.734,1.382905,1.454,1.00199,1.061,0.261017,0.279,0.724555,0.73,0.609512,0.612,8.477717,8.11,0.00222300000000009,-0.012085,-0.090079,-0.0710949999999999,-0.05901,-0.017983,-0.00544500000000003,-0.00248799999999993,0.367717000000001
"FluorPen - test 3.xlsx","5",6437,10338,16288,25488,38362,0.832204,0.83,0.488771,0.505,1.903382,2.009,1.584002,1.668,1.095231,1.163,0.31938,0.341,0.691433,0.697,0.575413,0.579,5.838781,5.608,0.00220400000000009,-0.016229,-0.105618,-0.083998,-0.067769,-0.02162,-0.00556699999999999,-0.00358700000000001,0.230781
"FluorPen - test 3.xlsx","6",5851,8582,14142,23115,35079,0.833205,0.833,0.373751,0.39,1.581331,1.678,1.317573,1.397,0.943822,1.008,0.263758,0.28,0.716334,0.721,0.596853,0.601,7.977258,7.691,0.000205000000000011,-0.016249,-0.0966689999999999,-0.0794269999999999,-0.064178,-0.016242,-0.00466599999999995,-0.00414700000000001,0.286258
"FluorPen - test 3.xlsx","7",5949,8777,13752,22270,36152,0.835445,0.834,0.374532,0.382,1.735242,1.811,1.449699,1.511,1.075167,1.129,0.285543,0.3,0.741648,0.747,0.619606,0.624,8.399095,8.228,0.00144500000000003,-0.00746800000000003,-0.075758,-0.0613009999999998,-0.053833,-0.014457,-0.00535200000000002,-0.00439400000000001,0.171095000000001
"FluorPen - test 3.xlsx","8",5949,8842,14077,22952,36249,0.835885,0.834,0.381914,0.39,1.703249,1.784,1.42372,1.488,1.041806,1.098,0.279528,0.296,0.731749,0.738,0.611658,0.616,8.157211,7.933,0.00188500000000003,-0.00808600000000004,-0.080751,-0.0642799999999999,-0.0561940000000001,-0.016472,-0.00625100000000001,-0.00434199999999996,0.224211
"FluorPen - test 3.xlsx","9",6079,9135,14597,24123,36314,0.832599,0.832,0.4043,0.416,1.723613,1.811,1.435079,1.506,1.030779,1.09,0.288535,0.305,0.718274,0.724,0.598034,0.602,7.356991,7.139,0.000599000000000016,-0.0117,-0.0873869999999999,-0.070921,-0.0592210000000002,-0.016465,-0.00572600000000001,-0.00396600000000003,0.217991
"FluorPen - test 3.xlsx","10",6242,9525,15182,23635,35371,0.823528,0.822,0.450822,0.468,1.783673,1.887,1.468904,1.552,1.018082,1.084,0.314769,0.335,0.693089,0.699,0.570778,0.574,5.90832,5.684,0.00152800000000008,-0.017178,-0.103327,-0.0830960000000001,-0.0659180000000001,-0.020231,-0.005911,-0.00322199999999995,0.22432
"FluorPen - test 3.xlsx","11",4925,7068,11884,19002,31505,0.843676,0.843,0.322498,0.339,1.460023,1.562,1.231786,1.317,0.909288,0.978,0.228237,0.244,0.738187,0.742,0.62279,0.626,10.422291,9.94,0.00067600000000001,-0.016502,-0.101977,-0.0852139999999999,-0.068712,-0.015763,-0.00381299999999996,-0.00321000000000005,0.482291
"FluorPen - test 3.xlsx","12",6372,9590,14597,24643,37452,0.829862,0.828,0.414157,0.418,1.885837,1.961,1.564985,1.623,1.150828,1.205,0.320852,0.338,0.73536,0.742,0.610248,0.615,7.18698,7.064,0.00186200000000003,-0.00384299999999999,-0.0751630000000001,-0.0580149999999999,-0.0541720000000001,-0.017148,-0.00663999999999998,-0.00475199999999998,0.12298
"FluorPen - test 3.xlsx","13",5851,7965,11834,18596,31828,0.816168,0.817,0.325519,0.328,1.731675,1.788,1.413338,1.461,1.087819,1.133,0.318337,0.328,0.769681,0.776,0.628189,0.633,8.567878,8.607,-0.000831999999999944,-0.00248100000000001,-0.056325,-0.0476620000000001,-0.0451809999999999,-0.00966300000000003,-0.00631900000000007,-0.00481100000000001,-0.039121999999999
"FluorPen - test 3.xlsx","14",6047,8420,12679,22822,35697,0.830602,0.83,0.320135,0.322,1.723139,1.776,1.431242,1.475,1.111108,1.152,0.291896,0.301,0.776324,0.781,0.644816,0.649,9.876147,9.861,0.000601999999999991,-0.00186500000000001,-0.052861,-0.0437580000000002,-0.0408919999999999,-0.009104,-0.00467600000000001,-0.00418400000000008,0.0151469999999989
"FluorPen - test 3.xlsx","15",4785,6051,8653,15154,26131,0.816884,0.822,0.237234,0.237,1.60268,1.631,1.309204,1.34,1.07197,1.104,0.293476,0.29,0.818795,0.823,0.668861,0.677,12.577464,1.3207,-0.0051159999999999,0.000234000000000012,-0.0283199999999999,-0.030796,-0.03203,0.00347600000000003,-0.0042049999999999,-0.00813900000000001,11.256764
"FluorPen - test 3.xlsx","16",5917,8777,14434,23277,36769,0.839076,0.838,0.370803,0.382,1.600803,1.685,1.343196,1.412,0.972393,1.03,0.257607,0.273,0.72394,0.729,0.607441,0.611,8.541678,8.278,0.00107600000000008,-0.011197,-0.0841970000000001,-0.0688039999999999,-0.0576070000000001,-0.015393,-0.00505999999999995,-0.00355899999999998,0.263677999999999
"FluorPen - test 3.xlsx","17",5583,8464,13868,22332,35642,0.843359,0.842,0.383379,0.399,1.649295,1.751,1.390947,1.475,1.007568,1.075,0.258347,0.276,0.724375,0.729,0.610908,0.614,8.579349,8.211,0.001359,-0.015621,-0.101705,-0.0840530000000002,-0.0674319999999999,-0.017653,-0.00462499999999999,-0.00309199999999998,0.368349
"FluorPen - test 3.xlsx","18",6729,10305,16027,23765,36509,0.815689,0.814,0.480322,0.493,1.886007,1.981,1.538395,1.612,1.058073,1.118,0.347611,0.369,0.687777,0.694,0.561012,0.565,5.169086,4.994,0.00168900000000005,-0.012678,-0.0949930000000001,-0.0736050000000001,-0.0599270000000001,-0.021389,-0.00622299999999998,-0.00398799999999999,0.175086
"FluorPen - test 3.xlsx","19",5682,9002,14097,20747,34875,0.837075,0.834,0.454904,0.471,1.885296,1.997,1.578134,1.666,1.123231,1.195,0.307161,0.331,0.711746,0.717,0.595785,0.598,6.728956,6.387,0.00307500000000005,-0.016096,-0.111704,-0.087866,-0.071769,-0.023839,-0.00525399999999998,-0.00221499999999997,0.341956000000001
"FluorPen - test 3.xlsx","20",5353,7916,12332,19650,32023,0.832839,0.831,0.384402,0.393,1.763821,1.848,1.468978,1.535,1.084576,1.142,0.294842,0.313,0.73832,0.744,0.614902,0.618,7.969773,7.713,0.00183900000000004,-0.00859799999999999,-0.084179,-0.066022,-0.0574239999999999,-0.018158,-0.00568000000000002,-0.00309800000000005,0.256773
"FluorPen - test 3.xlsx","21",7022,11346,17523,25033,37160,0.811033,0.808,0.573893,0.589,2.030843,2.135,1.647081,1.725,1.073188,1.136,0.383762,0.41,0.651569,0.659,0.528445,0.532,3.952044,3.802,0.00303299999999995,-0.015107,-0.104157,-0.0779190000000001,-0.0628119999999999,-0.026238,-0.00743100000000008,-0.00355499999999997,0.150044
"FluorPen - test 3.xlsx","22",4095,4095,4095,4095,4095,NA,0,NA,0,NA,0,NA,0,NA,0,NA,0,NA,1,NA,0,NA,0,NA,NA,NA,NA,NA,NA,NA,NA,NA
"FluorPen - test 3.xlsx","23",5884,8550,13297,19929,33908,0.826472,0.828,0.380531,0.393,1.740597,1.828,1.438554,1.513,1.058023,1.121,0.302043,0.315,0.735477,0.741,0.607851,0.613,7.607892,7.511,-0.00152799999999997,-0.012469,-0.0874030000000001,-0.0744459999999998,-0.0629770000000001,-0.012957,-0.00552299999999994,-0.00514899999999996,0.0968919999999995
"FluorPen - test 3.xlsx","24",6762,10858,17685,25586,36802,0.81626,0.815,0.545406,0.564,1.837594,1.937,1.499954,1.578,0.954548,1.014,0.337639,0.359,0.636385,0.643,0.519455,0.524,4.231098,4.085,0.00126000000000004,-0.018594,-0.0994060000000001,-0.0780460000000001,-0.0594520000000001,-0.021361,-0.00661500000000004,-0.00454500000000002,0.146098
"FluorPen - test 3.xlsx","25",5593,8604,13868,21226,36131,0.845202,0.843,0.394394,0.404,1.722036,1.802,1.455468,1.52,1.061074,1.116,0.266567,0.282,0.729026,0.734,0.616174,0.619,8.530399,8.253,0.00220200000000004,-0.009606,-0.0799640000000001,-0.064532,-0.054926,-0.015433,-0.00497400000000003,-0.002826,0.277398999999999
"FluorPen - test 3.xlsx","26",6079,8973,14564,22172,35859,0.830475,0.829,0.388717,0.4,1.642783,1.728,1.36429,1.433,0.975573,1.033,0.278493,0.295,0.715077,0.721,0.593854,0.598,7.484076,7.255,0.001475,-0.011283,-0.0852169999999999,-0.06871,-0.0574269999999999,-0.016507,-0.00592300000000001,-0.00414599999999998,0.229076
"FluorPen - test 3.xlsx","27",5314,7956,12512,18913,32482,0.836402,0.835,0.388987,0.401,1.755359,1.849,1.468186,1.544,1.079199,1.143,0.287174,0.305,0.735056,0.74,0.614802,0.618,8.080464,7.817,0.00140200000000001,-0.012013,-0.0936410000000001,-0.075814,-0.063801,-0.017826,-0.00494399999999995,-0.00319800000000003,0.263463999999999
"FluorPen - test 3.xlsx","28",5284,7946,13150,18474,32252,0.836165,0.834,0.394838,0.411,1.618907,1.719,1.353674,1.434,0.958836,1.023,0.265233,0.285,0.708321,0.713,0.592273,0.595,7.655769,7.281,0.00216500000000008,-0.016162,-0.100093,-0.0803259999999999,-0.0641639999999999,-0.019767,-0.00467899999999999,-0.00272699999999992,0.374769000000001
"FluorPen - test 3.xlsx","29",5712,8813,15603,19172,29830,0.808515,0.806,0.514305,0.542,1.551078,1.661,1.254069,1.339,0.739765,0.797,0.297008,0.323,0.589891,0.595,0.476936,0.479,3.915549,3.67,0.00251499999999993,-0.027695,-0.109922,-0.0849309999999999,-0.057235,-0.025992,-0.00510899999999992,-0.00206399999999995,0.245549
"FluorPen - test 3.xlsx","30",5752,8414,14486,20059,31555,0.817715,0.817,0.412665,0.433,1.490915,1.588,1.219144,1.297,0.806478,0.865,0.271771,0.291,0.661512,0.666,0.540929,0.544,5.880217,5.61,0.000715000000000021,-0.020335,-0.0970850000000001,-0.0778559999999999,-0.058522,-0.019229,-0.00448800000000005,-0.00307100000000005,0.270217
"FluorPen - test 3.xlsx","31",8680,14792,22660,23050,34136,0.745723,0.735,0.960402,0.975,2.345085,2.457,1.748784,1.807,0.788382,0.832,0.596301,0.65,0.450817,0.46,0.336185,0.338,1.026586,0.964,0.010723,-0.014598,-0.111915,-0.058216,-0.0436179999999999,-0.0536990000000001,-0.009183,-0.00181500000000001,0.062586
"FluorPen - test 3.xlsx","32",7575,11378,16580,25748,37290,0.796862,0.794,0.51193,0.518,2.119919,2.206,1.689284,1.753,1.177354,1.235,0.430635,0.454,0.696954,0.705,0.555377,0.56,4.255692,4.178,0.00286199999999992,-0.00607000000000002,-0.0860810000000001,-0.0637159999999999,-0.0576460000000001,-0.023365,-0.008046,-0.00462300000000004,0.0776919999999999
"FluorPen - test 3.xlsx","33",5949,8745,14727,19246,29097,0.795546,0.795,0.483152,0.499,1.601535,1.684,1.274094,1.338,0.790942,0.839,0.32744,0.346,0.620788,0.627,0.493865,0.498,3.977355,3.866,0.000545999999999935,-0.015848,-0.082465,-0.063906,-0.0480579999999999,-0.01856,-0.006212,-0.004135,0.111355
"FluorPen - test 3.xlsx","34",6177,9818,16808,21359,31243,0.802292,0.802,0.581026,0.607,1.707553,1.808,1.369956,1.45,0.78893,0.843,0.337597,0.359,0.57588,0.581,0.462023,0.466,3.226828,3.102,0.000291999999999959,-0.0259739999999999,-0.100447,-0.080044,-0.05407,-0.021403,-0.00512000000000001,-0.00397700000000001,0.124828
"FluorPen - test 3.xlsx","35",5513,8045,13060,17766,28783,0.808463,0.807,0.435239,0.451,1.659927,1.753,1.34199,1.415,0.906752,0.964,0.317937,0.338,0.675677,0.681,0.54626,0.55,5.297616,5.103,0.00146299999999999,-0.015761,-0.093073,-0.07301,-0.057248,-0.020063,-0.00532300000000008,-0.00374000000000008,0.194616
"FluorPen - test 3.xlsx","36",4805,6131,9361,12073,21724,0.778816,0.793,0.313494,0.325,1.494806,1.549,1.164179,1.229,0.850685,0.904,0.330627,0.32,0.730717,0.735,0.569094,0.584,6.391997,6.894,-0.0141840000000001,-0.011506,-0.0541939999999999,-0.064821,-0.053315,0.010627,-0.00428300000000004,-0.014906,-0.502003
"FluorPen - test 3.xlsx","37",5982,8842,14337,22237,33356,0.820662,0.821,0.417915,0.436,1.668458,1.774,1.36924,1.456,0.951325,1.02,0.299218,0.317,0.694783,0.701,0.570182,0.575,6.243352,6.053,-0.000337999999999949,-0.018085,-0.105542,-0.0867599999999999,-0.068675,-0.017782,-0.00621699999999992,-0.00481799999999999,0.190352
"FluorPen - test 3.xlsx","38",5453,7746,11674,16639,30368,0.820436,0.819,0.368132,0.376,1.797046,1.877,1.474361,1.538,1.106229,1.162,0.322685,0.339,0.750311,0.756,0.615582,0.619,7.640263,7.476,0.0014360000000001,-0.00786799999999999,-0.0799540000000001,-0.063639,-0.055771,-0.016315,-0.00568900000000006,-0.00341800000000003,0.164263
"FluorPen - test 3.xlsx","39",6502,10663,17620,22725,30690,0.788139,0.783,0.68811,0.708,1.89945,1.999,1.497032,1.566,0.808922,0.858,0.402419,0.433,0.540351,0.548,0.425872,0.429,2.302364,2.19,0.005139,-0.01989,-0.09955,-0.0689680000000001,-0.049078,-0.030581,-0.00764900000000002,-0.00312800000000002,0.112364
"FluorPen - test 3.xlsx","40",6534,10305,15345,25651,38070,0.828369,0.826,0.478311,0.487,2.066653,2.164,1.711951,1.786,1.23364,1.299,0.354702,0.377,0.720605,0.727,0.596927,0.601,6.023357,5.837,0.00236900000000007,-0.008689,-0.0973470000000001,-0.074049,-0.0653599999999999,-0.022298,-0.00639499999999993,-0.00407299999999999,0.186357
"FluorPen - test 3.xlsx","41",6177,9428,14109,19734,34201,0.819391,0.816,0.464031,0.464,2.000797,2.065,1.639435,1.685,1.175404,1.221,0.361361,0.379,0.716957,0.725,0.587468,0.591,5.743678,5.659,0.00339100000000003,3.10000000000032e-05,-0.064203,-0.0455650000000001,-0.0455960000000002,-0.017639,-0.00804300000000002,-0.00353199999999998,0.0846780000000003
"FluorPen - test 3.xlsx","42",7184,11476,17425,24643,35144,0.795584,0.792,0.61402,0.631,2.10713,2.218,1.676399,1.757,1.062379,1.127,0.430731,0.461,0.633727,0.641,0.504183,0.508,3.195776,3.071,0.00358399999999992,-0.01698,-0.11087,-0.0806009999999999,-0.064621,-0.030269,-0.00727299999999997,-0.00381699999999996,0.124776
"FluorPen - test 3.xlsx","43",6307,9558,15572,21652,33128,0.809617,0.808,0.484844,0.504,1.733612,1.834,1.403562,1.482,0.918718,0.978,0.33005,0.352,0.654562,0.66,0.529944,0.534,4.648154,4.467,0.00161699999999998,-0.019156,-0.100388,-0.078438,-0.0592819999999999,-0.02195,-0.00543800000000005,-0.00405600000000006,0.181154
"FluorPen - test 3.xlsx","44",6567,10403,16678,21359,32641,0.798811,0.795,0.588479,0.61,1.899767,2.015,1.517555,1.603,0.929076,0.992,0.382212,0.412,0.612219,0.619,0.489048,0.492,3.299596,3.137,0.00381100000000001,-0.021521,-0.115233,-0.085445,-0.062924,-0.029788,-0.00678100000000004,-0.00295200000000001,0.162596
"FluorPen - test 3.xlsx","45",7054,10273,14922,23570,35306,0.800204,0.798,0.455755,0.456,2.045107,2.109,1.636502,1.682,1.180747,1.227,0.408604,0.426,0.721506,0.729,0.577352,0.582,5.073678,5.034,0.00220399999999998,-0.000244999999999995,-0.0638930000000002,-0.045498,-0.0462530000000001,-0.017396,-0.007494,-0.00464799999999999,0.0396780000000003
"FluorPen - test 3.xlsx","46",5294,8055,13858,17796,33588,0.842384,0.842,0.39033,0.41,1.530874,1.632,1.289584,1.374,0.899254,0.964,0.24129,0.258,0.697321,0.702,0.587412,0.591,8.04306,7.685,0.000384000000000051,-0.01967,-0.101126,-0.084416,-0.064746,-0.01671,-0.00467899999999999,-0.00358799999999992,0.358060000000001
"FluorPen - test 3.xlsx","47",5712,8474,13200,20179,32631,0.824952,0.824,0.410416,0.424,1.788501,1.887,1.475427,1.554,1.065011,1.13,0.313074,0.333,0.721832,0.727,0.595477,0.599,6.837711,6.598,0.000952000000000064,-0.013584,-0.0984990000000001,-0.078573,-0.064989,-0.019926,-0.00516799999999995,-0.00352299999999994,0.239711
"FluorPen - test 3.xlsx","48",6827,10403,16645,21814,34136,0.800006,0.799,0.523783,0.548,1.821131,1.936,1.456916,1.546,0.933133,0.999,0.364216,0.39,0.640485,0.646,0.512392,0.516,3.913147,3.737,0.00100599999999995,-0.024217,-0.114869,-0.0890839999999999,-0.065867,-0.025784,-0.00551500000000005,-0.00360800000000006,0.176147
